"Sport", 115
"Sport", 116
"Sport", 117
"Sport", 118
"Sport", 119
"Sport", 120
"Sport", 121
"Sport", 122
"Sport", 123
"Sport", 124
"Sport", 125
"Sport", 126
"Sport", 127
"Sport", 128
"Sport", 129
"Sport", 130
"Events", 131
"Events", 132
"Events", 133
"Events", 134
"Events", 135
"Quality", 136
"Quality", 137
"Quality", 138
"Quality", 139
"Quality", 140
"Services", 141
"Services", 142
"Services", 143
"Services", 144
"Services", 145
"Services", 146
"Services", 147
"Services", 148
"Board", 149
"Board", 150
"Board", 151
"Board", 152
